Product,Rating,Rating Count,Price,URL
https://www.amazon.ca/Outdoor-Security-Camera-Surveillance-Exterieur/dp/B09NDNS6R1/ref=sr_1_7?keywords=security+cameras&qid=1654542649&sr=8-7,"Outdoor Security Camera Surveillance Exterieur - DEKCO Wireless Solar Security Camera, 1080p HD, Two-Way Audio, Motion Detection, Simple Setup, Night Vision WiFi Camera Outdoor  ",99.,312,4.5 out of 5 stars
361,79.,4.4 out of 5 stars,"Outdoor Security Camera WiFi, DEKCO Home Camera Surveillance Exterieur Pan-Tilt 360° View, 1080P Security Camera with Full Color Night Vision, Motion Detection and Siren, 2-Way Audio, IP66 Waterproof  ",https://www.amazon.ca/DEKCO-Surveillance-Exterieur-Detection-Waterproof/dp/B09P4QSJL1/ref=sr_1_8?keywords=security+cameras&qid=1654542649&sr=8-8
"2K Security Camera Outdoor with Humanoid-Detection, DEKCO WiFi Camera Surveillance Exterieur 360° Pan-Tilt View, Color Night Vision Home Security Camera Support Motion Detection and Siren, 2-Way Audio, Waterproof  ",https://www.amazon.ca/Humanoid-Detection-DEKCO-Surveillance-Exterieur-Waterproof/dp/B09SFSRPQ8/ref=sr_1_9?keywords=security+cameras&qid=1654542649&sr=8-9,165,4.5 out of 5 stars,59.
"Outdoor Security Camera - DEKCO 1080p Pan Rotating 180° Wired Camera Surveillance Exterieur with Two-Way Audio, Night Vision, 2.4G WiFi, IP65, Motion Detection Alarm (2 Pack)  ","1,245",99.,https://www.amazon.ca/Outdoor-Security-Camera-Rotating-Detection/dp/B093WQFSC3/ref=sr_1_10?keywords=security+cameras&qid=1654542649&sr=8-10,4.3 out of 5 stars
https://www.amazon.ca/YESKAMO-Security-Rechargeable-Surveillance-Detection/dp/B093V8KH4P/ref=sr_1_11?keywords=security+cameras&qid=1654542649&sr=8-11,77,"YESKAMO Pan Tilt Solar Security Camera Outdoor Wireless WiFi, Rechargeable Battery IP Camera, 2.4G PTZ Solar Power Video Camera 2 Way Audio, Home Surveillance System PIR Detection  ",139.,4.3 out of 5 stars
79.,"CHORTAU【2022 New Version】Outdoor Wireless Security Camera, Waterproof WiFi IP Camera With FHD 1080P, 180° Wide Angle Wireless Wifi Camera Home Surveillance Bullet Camera With Motion Detection, Night Vision, IP66  ","4,562",https://www.amazon.ca/Version%E3%80%91CHORTAU-Wireless-Waterproof-Surveillance-Detection/dp/B07KP73NMS/ref=sr_1_12?keywords=security+cameras&qid=1654542649&sr=8-12,4.1 out of 5 stars
https://www.amazon.ca/Security-Assistants-Tracking-Required-HomeBase/dp/B0856W45VL/ref=sr_1_13?keywords=security+cameras&qid=1654542649&sr=8-13,69.,"eufy Security Solo IndoorCam P24, 2K, Pan & Tilt, Indoor Security Camera, Wi-Fi Plug-in Camera, Human & Pet AI, Voice Assistant Compatibility, Night Vision, Motion Tracking, HomeBase not Compatible  ",4.5 out of 5 stars,"1,258"
"Solar Security Camera Wireless Outdoor, 2.4G WiFi 360° View Pan Tilt Battery Powered Home Security System with Spotlight/Siren Alarm, Motion Detection, Two-Way Audio, IP65, Night Vision  ",4.4 out of 5 stars,https://www.amazon.ca/Security-Wireless-Outdoor-Spotlight-Detection/dp/B09P4RZ468/ref=sr_1_14?keywords=security+cameras&qid=1654542649&sr=8-14,119.,105
434,"[2 PCS AI 3.0MP Two Way Audio] Outdoor Security Camera, 3.0MP IP Bullet Waterproof Wireless Surveillance Camera, WiFi House Exterior Cameras with Two-Way Audio, Night Vision, Smartphone Compatible, Motion Detection (2 Pack)  ",129.,https://www.amazon.ca/Waterproof-Surveillance-Smartphone-Compatible-Detection/dp/B08GS6RWDK/ref=sr_1_15?keywords=security+cameras&qid=1654542649&sr=8-15,3.8 out of 5 stars
34,3.1 out of 5 stars,"Light Bulb Security Camera 1080P, PTZ WiFi 360 Degree E27 Panoramic IP Camera,WiFi Outdoor Indoor 360 PTZ Bulb Security Camera Night Vision, Motion Detection, APP Access, Waterproof (White)  ",https://www.amazon.ca/Security-Panoramic-Outdoor-Detection-Waterproof/dp/B09RV9N7ZZ/ref=sr_1_16?keywords=security+cameras&qid=1654542649&sr=8-16,52.
"LongPlus Security Cameras Wireless Outdoor, Battery Powered WiFi Security Camera for Home Security with Night Vision, Motion Detection,Siren Alarm,Spotlight,2Way Audio, Weatherproof,SD/Cloud(1080P) (White (2pcs))  ",232,https://www.amazon.ca/LongPlus-Security-Detection-Spotlight-Weatherproof/dp/B09YSP7GTP/ref=sr_1_17?keywords=security+cameras&qid=1654542649&sr=8-17,105.,3.9 out of 5 stars
72,149.,"ANRAN Security Camera Wireless Outdoor with 360° View, Solar Outdoor Camera with Smart Siren, Spotlights, Color Night Vision, PIR Human Detection, Pan Tilt Control, 2-Way Talk, IP65, Q1 White  ",https://www.amazon.ca/ANRAN-Security-Wireless-Spotlights-Detection/dp/B09JZKZP5Z/ref=sr_1_18?keywords=security+cameras&qid=1654542649&sr=8-18,4.3 out of 5 stars
"Blink Mini – Compact indoor plug-in smart security camera, 1080p HD video, night vision, motion detection, two-way audio, easy set up, Works with Alexa – 2 cameras (White)  ","7,400",84.,https://www.amazon.ca/Blink-Mini-White-2Cam/dp/B07X5FNDJR/ref=sr_1_25?keywords=security+cameras&qid=1654542649&sr=8-25,4.3 out of 5 stars
4.4 out of 5 stars,"[2 Way Audio, 2K]3MP Wireless Security Camera System with 1TB Hard Drive&10.1 inches Monitor, SAFEVANT 8 Channel Video Security Systems 4pcs 3.0MP 1296P Indoor Outdoor Home IP Cameras Night Vision Motion Detection  ",https://www.amazon.ca/SAFEVANT-Security-Wireless-Monitor-Outdoor/dp/B07MPVY4FD/ref=sr_1_26?keywords=security+cameras&qid=1654542649&sr=8-26,380,399.
409,https://www.amazon.ca/JOOAN-Recorder-Outdoor-Security-Surveillance/dp/B00VWQT2KU/ref=sr_1_27?keywords=security+cameras&qid=1654542649&sr=8-27,4.2 out of 5 stars,154.,"JOOAN 8CH 1080P Security Camera System Wired 5in1 H.265 DVR&4pcs 2MP Outdoor/Indoor Weatherproof CCTV Surveillance camera With Good Night Vision, Local Plug and Play, Phone,APP,PC Monitor Anywhere(No Hard Drive)  "
200,4.2 out of 5 stars,"Wireless Security Camera System,SAFEVANT 8CH CCTV NVR System with 8pcs 1080P FHD Security Camera and 1TB Hard Drive Pre-Installed,Home Camera WiFi System with Free App for Indoor Outdoor Use  ",399.,https://www.amazon.ca/Security-Wireless-Safevant-Outdoor-Cameras/dp/B07CN339H9/ref=sr_1_28?keywords=security+cameras&qid=1654542649&sr=8-28
69.,"Security Camera Outdoor, Morecam 1080P WiFi Home Security PTZ Outdoor Camera with Mobile App, 360°View Surveillance IP Camera with Night Vision,IP66 Waterproof, Floodlight, 2-Way Audio, Works with Alexa  ",https://www.amazon.ca/Security-Morecam-Surveillance-Waterproof-Floodlight/dp/B09DPWVQDW/ref=sr_1_29?keywords=security+cameras&qid=1654542649&sr=8-29,4.1 out of 5 stars,129
https://www.amazon.ca/SmartSF-Surveillance-Exterieur-Floodlight-Waterproof/dp/B09D3S12G2/ref=sr_1_30?keywords=security+cameras&qid=1654542649&sr=8-30,"Security Cameras Wireless Outdoor, Camera Surveillance Exterieur W/Auto Tracking, Human Detection W/E-Mail Alert, 4X Digital Zoom, 2 Way Audio, Floodlight Camera W/Full Color Night Vision,Waterproof  ",69.,33,3.8 out of 5 stars
"[2022 New] Pet Camera, Crzwok 1080P Indoor Security Camera, Home Camera With Phone App, 360 Degree Wifi Camera Wireless For Baby/Dog/Nanny, IR Night Vision, Motion Detection, 2-Way Audio, Work With Alexa  ",https://www.amazon.ca/Camera-Crzwok-Security-Wireless-Detection/dp/B09CL5CF48/ref=sr_1_31?keywords=security+cameras&qid=1654542649&sr=8-31,"1,161",48.,4.3 out of 5 stars
"Blink Indoor – wireless, HD security camera with two-year battery life, motion detection, and two-way audio – 1 camera kit  ","1,145",https://www.amazon.ca/Blink-Indoor-Security-Camera/dp/B07X4BC6TV/ref=sr_1_32?keywords=security+cameras&qid=1654542649&sr=8-32,99.,4.3 out of 5 stars
"Little elf WiFi Camera Indoor, [2022 New] 1080P Home Security Camera, Pet Camera with Motion Detection, IR Night Vision, 2-Way Audio, 360 Degree Wireless IP Camera for Baby Monitor, Work with Alexa  ",531,https://www.amazon.ca/Little-Security-Detection-Wireless-Monitor/dp/B09CH6C42G/ref=sr_1_33?keywords=security+cameras&qid=1654542649&sr=8-33,57.,4.3 out of 5 stars
"eufy Security, eufyCam 2C 2-Cam Kit, Wireless Home Security System with 180-Day Battery Life, HomeKit Compatibility, 1080p HD, IP67, Night Vision, No Monthly Fee  ",4.4 out of 5 stars,914,https://www.amazon.ca/eufyCam-Wireless-Security-Compatibility-Weatherproof/dp/B07W1HKYQK/ref=sr_1_35?keywords=security+cameras&qid=1654542649&sr=8-35,299.
326,4.2 out of 5 stars,"little elf Indoor Security Camera,1080P Pet Cameras with Phone App for Dog/Elder Wifi Baby Monitor with Motion Detection & Tracking, 2-Way audio, Wireless IP camera with Night Vision  ",57.,https://www.amazon.ca/Security-Little-Wireless-Detection-Tracking/dp/B09CKQ7KW1/ref=sr_1_36?keywords=security+cameras&qid=1654542649&sr=8-36
4.2 out of 5 stars,"Swann Wired PIR Bullet Security Camera & Spotlight, 4K Ultra HD Surveillance Cam w/Color Night Vision, Indoor/Outdoor, Thermal, Heat & Motion Sensing, 2 Way Talk/Siren, Add NVR w/PoE, SWNHD-887MSFB  ",https://www.amazon.ca/Swann-Security-Spotlight-Surveillance-SWNHD-887MSFB/dp/B084Q9ZD21/ref=sr_1_37?keywords=security+cameras&qid=1654542649&sr=8-37,53,169.
"30,508",34.,4.1 out of 5 stars,https://www.amazon.ca/YI-Wireless-Security-Surveillance-Monitor/dp/B01CW4AR9K/ref=sr_1_38?keywords=security+cameras&qid=1654542649&sr=8-38,"YI Home Security Camera Surveillance, 1080p WiFi IP Indoor Camera with Night Vision, Phone App, Pet Cat Dog Cam Works with Alexa and Google Assistance  "
178.,4.2 out of 5 stars,720,https://www.amazon.ca/Wireless-Security-JOOAN-Channel-Recorder/dp/B015GYLPJO/ref=sr_1_39?keywords=security+cameras&qid=1654542649&smid=A3OLC87AHTILXN&sr=8-39,"JOOAN 3MP Wireless Security Camera System[H.265 with Audio & Low-Light Color Night] 8-Channel NVR&4Pcs FHD 3MP Waterproof&SuperNight Vision,Motion Dectect& Alert,No Hard Disk  "
"3,295",4.2 out of 5 stars,99.,https://www.amazon.ca/Security-Wireless-ieGeek-Surveillance-Detection/dp/B09NPL2JZM/ref=sr_1_40?keywords=security+cameras&qid=1654542649&sr=8-40,"Solar Security Camera Wireless Outdoor, ieGeek WiFi Camera for Home Surveillance, 1080P HD IR Night Vision, 2-Way Audio, 15000mah Battery, Human Detection, IP65, Cloud/SD Storage  "
"3G/4G LTE Outdoor Solar-Powered Celluar Security Camera, Wirefree Rechargeable Battery Camera System w/SD Socket and Cloud, 2K 4MP Super HD, Person/Vehicle Detection, 2-Way Talk, PIR Motion Sensor, Reolink Go Plus+Solar Panel  ",4.0 out of 5 stars,https://www.amazon.ca/Solar-Powered-Security-Wirefree-Rechargeable-Detection/dp/B09K3KTD5R/ref=sr_1_41?keywords=security+cameras&qid=1654542649&sr=8-41,339.,1
4.4 out of 5 stars,"eufy Security Solo OutdoorCam C24, All-in-One Outdoor Security Camera with 2K Resolution, Spotlight, Color Night Vision, No Monthly Fees, Wired Camera, Security Camera Outdoor, IP67 Weatherproof  ",https://www.amazon.ca/eufy-OutdoorCam-Resolution-Spotlight-Weatherproof/dp/B08XH1WTBT/ref=sr_1_42?keywords=security+cameras&qid=1654542649&sr=8-42,128.,100
https://www.amazon.ca/DJHH-Surveillance-Monitor-Two-Way-Detection/dp/B09CKPQWPY/ref=sr_1_44?keywords=security+cameras&qid=1654542649&sr=8-44,69.,4.4 out of 5 stars,386,"DJHH Home Security Cameras, 2 Pack 1080p 2.4GHz Pet Cameras for Home Security Dog Camera Baby Monitor with Night Vision & Two-Way Audio & Motion Detection for Baby Pet Nanny Elder  "
"Indoor Security Camera 2 Pack, Crzwok 1080P Home WiFi Camera for Pet, Baby Monitor Surveillance IP Camera with Night Vision, 2-Way Audio, Human Motion Detection, Worked with Alexa  ",898,https://www.amazon.ca/Security-Crzwok-Monitor-Surveillance-Detection/dp/B09CL3B5KX/ref=sr_1_45?keywords=security+cameras&qid=1654542649&sr=8-45,59.,4.3 out of 5 stars
109.,4.0 out of 5 stars,434,"LongPlus Wireless Outdoor Security Camera, Battery Powered WiFi Home Surveillance Camera Indoor with Night Vision, Motion Detection,Siren Alarm,Spotlight,2Way Audio,SD/Cloud(2 x White)  ",https://www.amazon.ca/LongPlus-Wireless-Surveillance-Detection-Spotlight/dp/B09KG5CLDW/ref=sr_1_46?keywords=security+cameras&qid=1654542649&sr=8-46
339,https://www.amazon.ca/TMEZON-Wireless-Security-Surveillance-Systems/dp/B07K56CQB5/ref=sr_1_47?keywords=security+cameras&qid=1654542649&sr=8-47,4.1 out of 5 stars,169.,"TMEZON 8CH Wireless Security Camera Surveillance System(2K WiFi NVR Kits), Four 3.0MP HD Wireless Indoor Outdoor IP Cameras,P2P,65FT Night Vision, NO Hard Drive  "
https://www.amazon.ca/Ring-Floodlight-Cam-Wired-Plus/dp/B08F69M456/ref=sr_1_48?keywords=security+cameras&qid=1654542649&sr=8-48,201,259.,4.5 out of 5 stars,"Ring Floodlight Cam Wired Plus with motion-activated 1080p HD video, White (2021 release)  "
4.3 out of 5 stars,"Helidallr Security Camera Outdoor,WiFi Wireless Camera with Solar Panel,32G SD Card Included, 15000mAh Rechargeable,Two Way Audio, Night Vision,IP66 Waterproof 355° PTZ Outdoor Camera,AI & PIR Motion Detection  ",https://www.amazon.ca/Helidallr-Included%EF%BC%8C15000mAh-Rechargeable-Waterproof-Detection/dp/B096ZJRT7B/ref=sr_1_49?keywords=security+cameras&qid=1654542649&sr=8-49,139.,125
https://www.amazon.ca/Eufy-eufyCam-Solo-2K/dp/B08DY4M5P1/ref=sr_1_51?keywords=security+cameras&qid=1654542649&sr=8-51,69,4.5 out of 5 stars,"eufy Security, SoloCam E40, Outdoor Security Camera, WiFi, Wireless, Wire-Free, Advanced AI Person-Detection, Two-Way Audio, 2K Resolution, 90dB Alarm, IP67 Weatherproof, No Monthly Fee  ",169.
4.0 out of 5 stars,99.,https://www.amazon.ca/Security-Wireless-Outdoor-10400mAh-Surveillance/dp/B082VRCZVR/ref=sr_1_52?keywords=security+cameras&qid=1654542649&sr=8-52,"1,917","Solar Security Camera Wireless Outdoor WiFi Camera, YESKAMO HD 1080P Solar Powered Camera Battery IP Camera for Home Security, 2 Way Audio Video Surveillance System  "
"EZVIZ C6N 4MP Indoor WiFi Pan & Tilt Camera, Motion Detection with H.265 Video Technology, Smart Tracking, Smart Night Vision, Two-Way Talk - White  ",https://www.amazon.ca/EZVIZ-Detection-Technology-Tracking-Two-Way/dp/B09TBK4ZMD/ref=sr_1_53?keywords=security+cameras&qid=1654542649&sr=8-53,5.0 out of 5 stars,81.,2
"eufy Security, eufyCam 2C Pro Wireless Home Security Add-on Camera, 2K Resolution, 180-Day Battery Life, HomeKit Compatibility, IP67 Weatherproof, Night Vision, and No Monthly Fee.  ",218,149.,https://www.amazon.ca/Security-Wireless-Resolution-Compatibility-Weatherproof/dp/B08C56FQZB/ref=sr_1_55?keywords=security+cameras&qid=1654542649&sr=8-55,4.3 out of 5 stars
124.,https://www.amazon.ca/ieGeek-Surveillance-Exterieur-Rechargeable-Detection/dp/B09NR2BZGY/ref=sr_1_56?keywords=security+cameras&qid=1654542649&sr=8-56,"Outdoor Security Camera, ieGeek 360° PTZ Solar Camera Surveillance Exterieur, 1080P Wireless Outdoor Camera, Pan Tilt Control, 15000mAh Rechargeable Battery, PIR Human Detection, 2-Way Audio, IR Night Vision, SD/Cloud Storage  ","1,567",4.3 out of 5 stars
4.1 out of 5 stars,499.,"[2K 3.0MP&Dual Antennas for WiFi Enhanced] Wireless Security Camera System,8Pcs CCTV Home IP Cameras,8 Channel 5.0MP NVR,OHWOAI HD Surveillance Video System,AI Detection,1TB HDD,IP67 Waterproof,Audio  ",501,https://www.amazon.ca/UPDATE-Wireless-Security-Channel-Surveillance/dp/B08QVCX9H8/ref=sr_1_54?keywords=security+cameras&qid=1654542651&sr=8-54
https://www.amazon.ca/Lonnky-Auto-Tracking-Surveillance-Detection-Waterproof/dp/B08R39YXSK/ref=sr_1_55?keywords=security+cameras&qid=1654542651&sr=8-55,"Lonnky 5.0MP 5X Optical Zoom WiFi Auto-Tracking PTZ IP Camera for Security Surveillance,2 Way Audio,Human Motion Detection, IP66 Waterproof Camera with 64G SD Card Included, Support Cloud Storage CamHipro APP  ",3.7 out of 5 stars,21,189.
129.,https://www.amazon.ca/Pack-Ultivon-Surveillance-Rechargeable-Weatherproof/dp/B09FPM8XQB/ref=sr_1_56?keywords=security+cameras&qid=1654542651&sr=8-56,4.1 out of 5 stars,"Outdoor Security Camera Wireless 2 Pack, Ultivon Home Surveillance Camera Rechargeable, WiFi CCTV System Camera with HD 1080P Day & PIR Night Vision, Motion Detection, 2 Way Audio, Weatherproof IP65  ",133
"eufy Security, eufyCam 2C Pro Wireless Home Security Add-on Camera, 2K Resolution, 180-Day Battery Life, HomeKit Compatibility, IP67 Weatherproof, Night Vision, and No Monthly Fee.  ",218,https://www.amazon.ca/Security-Wireless-Resolution-Compatibility-Weatherproof/dp/B08C56FQZB/ref=sr_1_57?keywords=security+cameras&qid=1654542651&sr=8-57,149.,4.3 out of 5 stars
https://www.amazon.ca/Solar-Security-Camera-Wireless-Outdoor/dp/B09WB1P96V/ref=sr_1_58?keywords=security+cameras&qid=1654542651&sr=8-58,4.4 out of 5 stars,25,"Solar Security Camera Wireless Outdoor - 2K Resolution WiFi Camera with Pan Tilt 360° View, Spotlight, Color Night Vision, 2-Way Talk, Human Detection, Cloud/SD Video Surveillance - DEKCO DC9E  ",169.
https://www.amazon.ca/ieGeek-Surveillance-Exterieur-Rechargeable-Detection/dp/B09NR2BZGY/ref=sr_1_60?keywords=security+cameras&qid=1654542651&sr=8-60,124.,"Outdoor Security Camera, ieGeek 360° PTZ Solar Camera Surveillance Exterieur, 1080P Wireless Outdoor Camera, Pan Tilt Control, 15000mAh Rechargeable Battery, PIR Human Detection, 2-Way Audio, IR Night Vision, SD/Cloud Storage  ","1,567",4.3 out of 5 stars
"1,023",4.4 out of 5 stars,479.,https://www.amazon.ca/Security-Wireless-Compatibility-Resolution-Weatherproof/dp/B08922VDK3/ref=sr_1_63?keywords=security+cameras&qid=1654542651&sr=8-63,"eufy Security, eufyCam 2 Pro Wireless Home Security Camera System, 365-Day Battery Life, HomeKit Compatibility, 2K Resolution, IP67 Weatherproof, Night Vision, 2-Cam Kit, No Monthly Fee  "
"YI Home Security Camera Surveillance interieur, 1080p WiFi IP Indoor Camera with Night Vision, 2-Way Audio, Motion Detection, Phone App, Pet Cat Dog Cam - Works with Alexa and Google Assistance, 2pc  ",58.,https://www.amazon.ca/YI-Wireless-Security-Surveillance-Monitor/dp/B01CW4ASS0/ref=sr_1_64?keywords=security+cameras&qid=1654542651&smid=A7K6H818001EY&sr=8-64,4.1 out of 5 stars,"7,373"
201,259.,https://www.amazon.ca/Ring-Floodlight-Cam-Wired-Plus/dp/B08F69M456/ref=sr_1_65?keywords=security+cameras&qid=1654542651&sr=8-65,4.5 out of 5 stars,"Ring Floodlight Cam Wired Plus with motion-activated 1080p HD video, White (2021 release)  "
"[2022 New] Pet Camera, Crzwok 1080P Indoor Security Camera, Home Camera With Phone App, 360 Degree Wifi Camera Wireless For Baby/Dog/Nanny, IR Night Vision, Motion Detection, 2-Way Audio, Work With Alexa  ",4.3 out of 5 stars,https://www.amazon.ca/Security-Crzwok-Monitor-Wireless-Tracking/dp/B09CL2ZZ8Q/ref=sr_1_66?keywords=security+cameras&qid=1654542651&sr=8-66,875,56.
4.1 out of 5 stars,"Security Camera Wireless Outdoor, Solar Powered Wireless Surveillance Camera, 1080P Night Vision/Waterproof, PIR Motion Detection, 2-Way Audio, Compatible with Cloud Storage/SD Slot  ",https://www.amazon.ca/Security-Surveillance-Waterproof-Detection-Compatible/dp/B08GPGNZYC/ref=sr_1_67?keywords=security+cameras&qid=1654542651&sr=8-67,72.,917
https://www.amazon.ca/Security-Wireless-Requires-HomeBase-Compatibility/dp/B07X41CXJ7/ref=sr_1_68?keywords=security+cameras&qid=1654542651&sr=8-68,"eufy Security eufyCam 2C Wireless Home Security Add-on Camera, Requires HomeBase 2, 180-Day Battery Life, HomeKit Compatibility, 1080p HD, No Monthly Fee  ",129.,4.5 out of 5 stars,254
"Outdoor Security Camera, 2021 New Version Camera Surveillance Exterieur 1080P WiFi Home Bullet Camera Work with Alexa,Home Security Camera Outdoor with 2 Storage Options 2-Way Audio Motion Detection  ",49,3.5 out of 5 stars,https://www.amazon.ca/Outdoor-Security-Surveillance-Exterieur-Detection/dp/B09CCMPXSW/ref=sr_1_73?keywords=security+cameras&qid=1654542651&sr=8-73,59.
4.0 out of 5 stars,"YESKAMO Wireless Battery Security Camera Outdoor Rechargeable Battery Power WiFi Camera, 1080P HD Video Security IP Camera with 2 Way Audio, Motion Alarm Home Surveillance System  ",193,https://www.amazon.ca/YESKAMO-Wireless-Security-Rechargeable-Surveillance/dp/B085ZZGPHR/ref=sr_1_74?keywords=security+cameras&qid=1654542651&sr=8-74,67.
https://www.amazon.ca/little-Security-Wireless-Detection-Monitor/dp/B09CH4L6WJ/ref=sr_1_75?keywords=security+cameras&qid=1654542651&sr=8-75,69.,4.4 out of 5 stars,"little elf Indoor Security Camera, Wireless 1080P Home Security Camera with 2-Way Audio, Night Vision, Human Motion Detection for Pet/Elder/Baby Monitor, Cloud Storage, Work with Alexa - 2 Pack  ",205
"Security Cameras Wireless Outdoor, K&F Concept PTZ Solar Camera Surveillance Exterieur with Color Night Vision, 1080P Battery Powered Outdoor Security Camera PIR Motion Detection, 2 Way Audio IP66  ",168,https://www.amazon.ca/Security-Wireless-Spotlight-Surveillance-Detection/dp/B09G32WBHW/ref=sr_1_76?keywords=security+cameras&qid=1654542651&sr=8-76,139.,4.3 out of 5 stars
74.,"1,652","Camera Surveillance Exterieur, ieGeek Security Cameras Wireless Outdoor with 25m Night Vision, FHD 1080P WiFi Camera for Home Security, Motion Detection, Phone/Tab/PC Operation, IP66, Aluminum Alloy Shell  ",https://www.amazon.ca/Surveillance-Exterieur-ieGeek-Detection-Operation/dp/B09NNKP31V/ref=sr_1_77?keywords=security+cameras&qid=1654542651&sr=8-77,4.3 out of 5 stars
293,"DIHOOM Wireless Battery Security Camera Outdoor HD 1080P WiFi Camera, Rechargeble Battery Powered IP Camera 2 Way Audio, Wireless Cameras for Home Security Video Surveillance System  ",https://www.amazon.ca/DIHOOM-Wireless-Security-Rechargeble-Surveillance/dp/B08QCKW6L6/ref=sr_1_78?keywords=security+cameras&qid=1654542651&sr=8-78,4.1 out of 5 stars,59.
217,"Lorex Indoor/Outdoor Wired Security Camera System, 1080p HD Bullet Cameras with Motion Detection Surveillance, IR Night Vision, 1TB 4 Channel DVR, 4 Cameras  ",https://www.amazon.ca/Lorex-Weatherproof-Security-4-Channel-Detection/dp/B08B1XY9DM/ref=sr_1_79?keywords=security+cameras&qid=1654542651&sr=8-79,4.4 out of 5 stars,319.
"2,116","[2022 Upgraded] Wireless Wifi Video Doorbell Camera With Chime HD 1080P Waterproof Home Security Doorbell Camera Battery Powered With 2-Way Audio, Motion Detection ,IR ,Wide Angle,Cloud Storage, KAMEP  ",4.2 out of 5 stars,119.,https://www.amazon.ca/Wireless-Doorbell-Waterproof-Detection-KAMEP/dp/B08R5CS5G1/ref=sr_1_80?keywords=security+cameras&qid=1654542651&sr=8-80
69.,75,https://www.amazon.ca/ANRAN-Security-Outdoor-Spotlight-Waterproof/dp/B09JZK4WRH/ref=sr_1_81?keywords=security+cameras&qid=1654542651&sr=8-81,"ANRAN Security Camera Outdoor with Spotlight and Siren, 1080P WiFi PTZ Camera Outdoor with 360° View, Color Night Vision, IP66 Waterproof, Two-Way Audio, SD and Cloud Storage, P2 White  ",4.3 out of 5 stars
"DJHH Home Security Camera, 1080P WiFi Camera for Pet/Dog Monitor, 2.4G Wireless Camera Baby Camera with Night Vision, Motion Detection/Tracking, Support Cloud & TF Card Slot  ","1,020",4.4 out of 5 stars,49.,https://www.amazon.ca/DJHH-Security-Wireless-Detection-Tracking/dp/B09CFKVTDS/ref=sr_1_82?keywords=security+cameras&qid=1654542651&sr=8-82
https://www.amazon.ca/Security-eufyCam-Wireless-Compatibility-Weatherproof/dp/B07Z35RM2Q/ref=sr_1_83?keywords=security+cameras&qid=1654542651&sr=8-83,369.,"eufy Security eufyCam 2 Wireless Home Security Camera System, 365-Day Battery Life, HomeKit Compatibility, HD 1080p, IP67 Weatherproof, Night Vision, 2-Cam Kit, No Monthly Fee  ",276,4.3 out of 5 stars
"Defender Guard Pro 2K WiFi. Plug-in Power Security Camera with Color Night Vision, Two-Way Talk, Smart Human Detection, Spotlight & Siren, 32 GB SD Card, 1 Pack  ",129.,13,3.9 out of 5 stars,https://www.amazon.ca/Defender-Security-Two-Way-Detection-Spotlight/dp/B09PPH6T95/ref=sr_1_84?keywords=security+cameras&qid=1654542651&sr=8-84
3.6 out of 5 stars,61,"Reolink 5MP HD PTZ WiFi Outdoor Security Camera for Home Security with Auto Tracking, Dual Band 2.4/5GHz WiFi, 3X Optical Zoom, Smart Motion Detection, Color Night Vision, Waterproof, E1 Outdoor  ",https://www.amazon.ca/Reolink-Security-Surveillance-Detection-Assistant/dp/B08PY2ZTTV/ref=sr_1_85?keywords=security+cameras&qid=1654542651&sr=8-85,159.
"Wireless WiFi Video Doorbell Camera , Door Bell with Human Motion Detection, Night Vision, Battery Powered with2-Way Audio, 166°Wide Angle,IP65 Waterproof ,Lifetime Free Cloud Storage ,GEREE (Doorbell)  ",506,4.2 out of 5 stars,89.,https://www.amazon.ca/Wireless-Detection-with2-Way-Waterproof-GEREE/dp/B09MZ2DSVH/ref=sr_1_86?keywords=security+cameras&qid=1654542651&sr=8-86
4.3 out of 5 stars,44.,143,"360° View 5G WiFi 2K Pet Camera, Arenti DOME1S Indoor Security Camera with Phone App for Dog/Cat, Pan/Tilt, Smart Motion & Sound Detection, Night Vision, Privacy Mode, 2-Way Audio, Work with Alexa  ",https://www.amazon.ca/Security-Wireless-Rechargeable-Battery-Camera-Dome1S/dp/B09CM9H4FT/ref=sr_1_87?keywords=security+cameras&qid=1654542651&sr=8-87
229.,"SMONET Wireless Security Camera Systems,8-Channel 3MP Surveillance NVR Kits,4pcs 1296P(3.0 Megapixel) Indoor Outdoor WiFi IP Cameras,Night Vision Home Cameras,P2P,Free APP,NO Hard Drive  ",https://www.amazon.ca/SMONET-Wireless-8-Channel-Surveillance-Megapixel/dp/B07DVZS9VB/ref=sr_1_88?keywords=security+cameras&qid=1654542651&sr=8-88,614,4.3 out of 5 stars
"Indoor Security Camera Surveillance 2pack,Rbcior 1080P Home Security Camera 2-Way Audio,WiFi Pet Camera with Motion Detection,Dog Camera with Night Vision IP Camera Baby Monitor for Nanny/Older/Pet  ",4.2 out of 5 stars,636,https://www.amazon.ca/Security-Surveillance-Rbcior-Detection-Monitor/dp/B09DKYTJK1/ref=sr_1_89?keywords=security+cameras&qid=1654542651&sr=8-89,59.
79.,4.4 out of 5 stars,https://www.amazon.ca/eufy-OutdoorCam-Resolution-Spotlight-Weatherproof/dp/B0912R591N/ref=sr_1_90?keywords=security+cameras&qid=1654542651&sr=8-90,93,"eufy Security Solo OutdoorCam C22, All-in-One Outdoor Security Camera with 1080p Resolution, Spotlight, Color Night Vision, No Monthly Fees, Wired Camera, Security Camera Outdoor, IP67 Weatherproof  "
49.,"Outdoor Wireless Security Camera 2.4G WiFi Home Surveillance IP Camera System 1080P with 360° View, IP66 Waterproof, Motion Detection, Night Vision, Auto Tracking,Two-Way Audio  ",33,3.9 out of 5 stars,https://www.amazon.ca/Wireless-Security-Surveillance-Waterproof-Detection/dp/B09MBMXT8M/ref=sr_1_91?keywords=security+cameras&qid=1654542651&sr=8-91
129.,https://www.amazon.ca/YESKAMO-Security-Rechargeable-Detection-Surveillance/dp/B093V7WP3F/ref=sr_1_92?keywords=security+cameras&qid=1654542651&sr=8-92,"YESKAMO Pan Tilt Security Camera Wireless Indoor/Outdoor, 15000mAh Rechargeable Battery WiFi Camera 2 Way Audio, PTZ Battery Operate IP Camera PIR Detection, 360° View Video Home Surveillance System  ",65,4.1 out of 5 stars
https://www.amazon.ca/Laxihub-Security-Monitor-Detection-Two-Way/dp/B09TW682HV/ref=sr_1_94?keywords=security+cameras&qid=1654542651&sr=8-94,933,89.,"360° View Pet Camera with phone app(2PC), Laxihub Security Camera, P2 Home Monitor for Cats & Dogs, Pan/Tilt, Motion & Sound Detection, Super IR Night Vision, 2.4g Wifi, Two-Way Audio, Works with Alexa  ",4.3 out of 5 stars
"Spy Camera Hidden Camera 1080P WiFi Wireless Camera, Last up to 30 Days Without Charging Nanny Cam Mini Camera with Motion Detection Indoor Surveillance Cameras for Home Security  ",12,https://www.amazon.ca/Wireless-Charging-Detection-Surveillance-Security/dp/B09V24WRLT/ref=sr_1_95?keywords=security+cameras&qid=1654542651&sr=8-95,3.7 out of 5 stars,57.
https://www.amazon.ca/Security-Starlight-Recognition-Deterrent-Weatherproof/dp/B07YB3SRZ8/ref=sr_1_96?keywords=security+cameras&qid=1654542651&sr=8-96,75.,"Outdoor Security Camera 1080P, blurams Security Outdoor Pro Cam FHD CCTV, Two-Way Audio, Facial Recognition, IP65 Weatherproof, Cloud/Local Storage, Compatible with Alexa, Google Home, IFTTT  ",4.1 out of 5 stars,"1,226"
4.4 out of 5 stars,"Ring Video Doorbell Wired – Convenient, essential features in a slimmed-down design, pair with Ring Chime to hear audio notifications in your home (existing doorbell wiring required) - 2021 release  ",https://www.amazon.ca/Ring-Video-Doorbell-Wired/dp/B08CKB3PZH/ref=sr_1_97?keywords=security+cameras&qid=1654542651&sr=8-97,"2,273",84.
https://www.amazon.ca/Expandable-Wireless-Security-Pre-Installed-Auto-Pair/dp/B07CN2PVC1/ref=sr_1_98?keywords=security+cameras&qid=1654542651&sr=8-98,"3MP Full HD Security Camera System Wireless with 1TB Hard Drive, SAFEVANT 8 Channel Home NVR Systems with 4pcs 2304*1296P IP Surveillance Cameras Night Vision Motion Detection and Night Vision 2022 Newest  ",4.4 out of 5 stars,309.,413
79.,https://www.amazon.ca/Security-Surveillance-Exterieur-Detection-Siren-Waterproof/dp/B09TFLF58Z/ref=sr_1_99?keywords=security+cameras&qid=1654542651&sr=8-99,4.4 out of 5 stars,20,"Outdoor Security Camera Wifi Wireless, 1080P Camera Surveillance Exterieur with Pan-Tilt 360° View, Home Security Camera Support Color Night Vision, Motion Detection-Siren, 2-Way Audio, IP65 Waterproof  "
"eufy Security, eufyCam 2 Wireless Home Security Add-on Camera, Requires HomeBase 2 or HomeBase, 365-Day Battery Life, HomeKit Compatibility, HD 1080p, No Monthly Fee  ",https://www.amazon.ca/Security-Wireless-Requires-HomeBase-Compatibility/dp/B07Z364PQ5/ref=sr_1_100?keywords=security+cameras&qid=1654542651&sr=8-100,4.6 out of 5 stars,149.,"1,681"
4.0 out of 5 stars,89.,"Wireless Outdoor Security Camera, Rechargeable Battery Powered WiFi Camera YESKAMO 1080P Surveillance Camera for Home Security Wire Free Security Camera Dual Antenna Motion Detectin 2 Way Audio  ",https://www.amazon.ca/Wireless-Security-Rechargeable-YESKAMO-Surveillance/dp/B0836RKGMH/ref=sr_1_101?keywords=security+cameras&qid=1654542651&sr=8-101,288
"Light Bulb Camera 1080P, 2.4GHZ/5GHZ Dual Frequency Wireless WiFi Home Surveillance Cameras System, 360 Degree View Lens Light Night Vision Human Motion Detection and Alarm (Camera only)  ",49.,6,2.9 out of 5 stars,https://www.amazon.ca/Frequency-Wireless-Surveillance-Cameras-Detection/dp/B09YNLHWK6/ref=sr_1_102?keywords=security+cameras&qid=1654542651&sr=8-102
"Solar Security Camera Outdoor, enjfeocy Wireless WiFi Pan 360° View PTZ Camera, Rechargeable Solar Battery Powered with 2-Way Talk, Motion Detection and Siren, Color Night Vision Cloud/SD Storage  ",https://www.amazon.ca/Security-enjfeocy-Wireless-Rechargeable-Detection/dp/B09Q7T3G7Q/ref=sr_1_103?keywords=security+cameras&qid=1654542651&sr=8-103,152.,5.0 out of 5 stars,2
4.4 out of 5 stars,"1,185",379.,https://www.amazon.ca/Expandable-Security-Wireless-SMONET-Surveillance/dp/B07D3935ZJ/ref=sr_1_104?keywords=security+cameras&qid=1654542651&sr=8-104,"【2022 Newest】SMONET 3MP Wireless Security Camera Systems(2TB Hard Drive),8CH H.265 1296P Home Video Surveillance System,4pcs 3MP Indoor Outdoor IP Cameras,P2P WiFi NVR Kits,Free APP,Night Vision  "
229.,"Arlo Pro 4 Spotlight Camera - 1 Pack - Wireless Security, 2K Video & HDR, Color Night Vision, 2 Way Audio, Wire-Free, Direct to WiFi No Hub Needed, Black - VMC4050B  ",https://www.amazon.ca/Arlo-Pro-Spotlight-Camera-Wire-Free/dp/B08L74BYS9/ref=sr_1_197?keywords=security+cameras&qid=1654542652&sr=8-197,222,3.9 out of 5 stars
459.,https://www.amazon.ca/Solar-Wireless-Camera-System-Waterproof/dp/B09TFPBMQ6/ref=sr_1_198?keywords=security+cameras&qid=1654542652&sr=8-198,"3MP HD Solar Wireless Security Camera System, Solar Security Camera System Outdoor Wireless WiFi 4 Pack with WiFi Base Station, PIR Motion Detection, Two-Way Audio, Waterproof, SD/Cloud Storage  ",5.0 out of 5 stars,2
https://www.amazon.ca/Security-GEREE-Surveillance-Waterproof-Compatible/dp/B08DK21SD5/ref=sr_1_199?keywords=security+cameras&qid=1654542652&sr=8-199,"GEREE Security Camera Outdoor,GEREE 1080P Pan Tilt Security Surveillance Wireless CCTV IP WiFi Home Security Cameras Night Vision, Waterproof,Motion Alert,iOS/Android Cloud Storage Compatible with Alexa  ",3.9 out of 5 stars,59.,285
https://www.amazon.ca/Security-2-8-12mm-Detection-Compatible-Hikvision/dp/B09KRBFZR1/ref=sr_1_200?keywords=security+cameras&qid=1654542652&sr=8-200,239.,7,"8MP Outdoor PTZ PoE IP Camera,UHD 4K Dome Security Camera with Pan Tilt 4X Optical Zoom/2.8~12mm Lens,132ft Night Vision, Humanoid/Motion Detection,IP67,H.265,WDR,Compatible for Hikvision  ",3.8 out of 5 stars
"Reolink 4K Ultra HD 16CH PoE Video Surveillance Camera System, 8pcs 8MP Person/Vehicle Detection PoE IP Security Cameras Outdoor with a 8MP 16-Channel NVR, 3TB HDD pre-Installed, Night Vision Waterproof 24/7 Recording, RLK16-820D8-A  ",4.4 out of 5 stars,"1,138.",https://www.amazon.ca/Surveillance-Security-16-Channel-pre-Installed-RLK16-800D8/dp/B082KHKG89/ref=sr_1_201?keywords=security+cameras&qid=1654542652&sr=8-201,484
74.,https://www.amazon.ca/Surveillance-Waterproof-Detection-Smartphone-Compatible/dp/B0986VDZMN/ref=sr_1_202?keywords=security+cameras&qid=1654542652&sr=8-202,180,3.6 out of 5 stars,"New Version Outdoor Security Camera, 1080P Camera Surveillance with IR Night Vision Waterproof Wireless Security Camera, Surveillance Camera with Two-Way Audio, Motion Detection, Smartphone Compatible  "
389.,4.0 out of 5 stars,https://www.amazon.ca/Solar-Starlight-Reolink-Go-PT/dp/B08H8NCZSC/ref=sr_1_204?keywords=security+cameras&qid=1654542652&sr=8-204,"Pan Tilt 4G/3G LTE Outdoor Security Camera System, Solar Battery Powered, 1080P Starlight Night Vision, 2-Way Audio, PIR Motion Detection, No WiFi Supported, No Wires | Reolink Go PT with Solar Panel  ",50
3.8 out of 5 stars,https://www.amazon.ca/Spotlight-Rechargeable-weatherproof-Reolink-Argus/dp/B08PVP83M4/ref=sr_1_206?keywords=security+cameras&qid=1654542652&sr=8-206,94,"Outdoor Security Spotlight Camera Wireless, Rechargeable Battery/ Solar Powered, 2K 4MP Color Night Vision, 2-Way Talk, Smart Person/Vehicle Detection, IP65 weatherproof, Work with Alexa/Google Assistant | Reolink Argus 3 with Solar Panel  ",159.
https://www.amazon.ca/Netvue-Surveillance-Interieur-Detection-Compatible/dp/B0967BX626/ref=sr_1_207?keywords=security+cameras&qid=1654542652&sr=8-207,49.,"Netvue Home Security Camera Indoor, Security Camera 1080P Wireless WiFi 360° View, Camera Surveillance Interieur Motion Detection & Instant Alert, WiFi Surveillance Camera 2-Way Audio & App Remote, Compatible with Alexa, Cloud Storage/SD Slot  ",3.9 out of 5 stars,784
"2022 Upgrade-XTU Security Camera Outdoor, 1080P WiFi Home Security PTZ Camera, 360°View Surveillance IP Cameras with Night Vision, Motion Tracking, IP66 Waterproof, 2-Way Audio, Works with Alexa (Wired)  ",4.1 out of 5 stars,59.,149,https://www.amazon.ca/Upgrade-XTU-Security-360%C2%B0View-Surveillance-Waterproof/dp/B092R2DNRR/ref=sr_1_208?keywords=security+cameras&qid=1654542652&sr=8-208
https://www.amazon.ca/CTVISION-Surveillance-Hikvision-Detection-Protocol/dp/B083W24BQS/ref=sr_1_209?keywords=security+cameras&qid=1654542652&sr=8-209,129.,4.2 out of 5 stars,"【Audio】 CTVISION PoE IP Turret Camera 4K 8MP (4X1080P) 90 Angle View, Video Surveillance Work with Hikvision, Plug and Play,IR Night Vision,Motion Detection,Face Detection,Support Onvif Protocol  ",5
156.,48,3.4 out of 5 stars,"ZOSI 8CH Security Cameras System 5MP Lite CCTV DVR Recorder with 4pcs 1080p HD Outdoor Weatherproof Night Vision Cameras,Motion Alert (NO HDD)  ",https://www.amazon.ca/ZOSI-Recorder-outdoor-Surveillance-Security/dp/B01I8Y2TEY/ref=sr_1_210?keywords=security+cameras&qid=1654542652&sr=8-210
4.0 out of 5 stars,58,"eufy Security SoloCam S40, Solar-Powered, Wireless Outdoor Security Camera, Battery Camera, Integrated Solar Panel, Spotlight Camera, 2K Resolution, Color Night Vision, Wireless, Wi-Fi, No Monthly Fee  ",259.,https://www.amazon.ca/eufy-Solar-Powered-Integrated-Spotlight-Resolution/dp/B098X8XZFS/ref=sr_1_211?keywords=security+cameras&qid=1654542652&sr=8-211
https://www.amazon.ca/Security-Outdoor-Surveillance-Detection-Weatherproof/dp/B09MTFXQ7C/ref=sr_1_212?keywords=security+cameras&qid=1654542652&sr=8-212,3.4 out of 5 stars,227,93.,"Security Camera Outdoor,Acesee 360° View 1080P WiFi Home Surveillance Camera with Pan/Tilt, Night Vision, 2-Way Audio, Motion Detection, IP65 Weatherproof (White×2)  "
766,4.1 out of 5 stars,https://www.amazon.ca/ZOSI-Security-Weatherproof-Cameras-Smartphone/dp/B00MXILYHK/ref=sr_1_217?keywords=security+cameras&qid=1654542652&sr=8-217,"ZOSI 8CH Security Cameras System 5MP Lite CCTV DVR Recorder with 4pcs 1080p HD Outdoor Weatherproof Night Vision Cameras,Motion Alert (NO HDD)  ",159.
529.,34,4.6 out of 5 stars,https://www.amazon.ca/VEEZOOM-Security-Recorder-Detection-Recording/dp/B09DSVBFWD/ref=sr_1_218?keywords=security+cameras&qid=1654542652&sr=8-218,"VEEZOOM 8CH 5MP PoE Home Security Camera System, 4pcs Wired 5MP PoE Security Camera, 4K 8 Channel NVR Recorder with 2TB HDD, Human & Motion Detection Outdoor Camera for 24/7 Recording  "
Hikity PTZ Security Camera Outdoor Indoor Wireless 1080P Surveillance Bullet Camera WiFi FHD IP Camera IP66 Weatherproof Night Vision 2 Way Audio Motion Detection Alarm Remote Control  ,513,3.9 out of 5 stars,57.,https://www.amazon.ca/Wireless-Surveillance-Weatherproof-Detection-Intelligent/dp/B07WDVHM5D/ref=sr_1_219?keywords=security+cameras&qid=1654542652&sr=8-219
612,https://www.amazon.ca/360-degree-Wireless-Security-Tracking-Detection/dp/B08LHBV7PQ/ref=sr_1_220?keywords=security+cameras&qid=1654542652&sr=8-220,67.,4.1 out of 5 stars,"Nooie Baby Monitor with Camera, WiFi Pet Camera Indoor, 360-degree Wireless IP Baby Camera, 1080P Home Security Camera, Motion Tracking, IR Night Vision, Works with Alexa, Two-Way Audio, Motion & Sound Detection, 32GB SD Card  "
https://www.amazon.ca/Wireless-Doorbell-Security-doorbell-Waterproof/dp/B099D9FBYR/ref=sr_1_221?keywords=security+cameras&qid=1654542652&sr=8-221,555,"Wireless Doorbell Camera [2022 New] 1080P Video Door Bell with Indoor Chime, WiFi Smart Security Camera doorbell Battery Powered Waterproof Cloud Storage  ",99.,4.1 out of 5 stars
"ZOSI 3MP Wireless Security Camera System, H.265+ 8 Channel 2K HD CCTV NVR Recorder with 4Pcs 1296P 3.0MP WiFi IP Camera Outdoor, 80ft Night Vision,Motion Alert,Mobile&PC Remote Access (No Hard Drive)  ",199.,https://www.amazon.ca/ZOSI-VRC-D500-US/dp/B075JCPSY3/ref=sr_1_222?keywords=security+cameras&qid=1654542652&sr=8-222,7,4.1 out of 5 stars
https://www.amazon.ca/EZVIZ-AI-Powered-Detection-Waterproof-Customizable/dp/B0833YP9YL/ref=sr_1_223?keywords=security+cameras&qid=1654542652&sr=8-223,"EZVIZ Outdoor Security Camera Color Night Vision, 1080P AI-Powered Person Detection, H.265, IP67 Waterproof, Customizable Detection Zones, 2.4GHz WiFi Supports MicroSD Card up to 256GB(C3N)  ",4.4 out of 5 stars,312,84.
https://www.amazon.ca/Wireless-Security-Surveillance-Waterproof-Recording/dp/B09VBWTMQG/ref=sr_1_224?keywords=security+cameras&qid=1654542652&sr=8-224,5.0 out of 5 stars,1,"Wireless Security Camera System, 1080P Home Camera System with 8CH NVR & 4Pcs 2MP WiFi Surveillance Cameras, 100ft Night Vision, Motion Alert & Remote Access, IP66 Waterproof, 24/7 Recording, (No HDD)  ",189.
"FECOMI Mini Camera WiFi Cam 1080P Small Portable Wireless Nanny Cam w/Auto Night Vision/Motion Activated Alarm , Security Surveillance Cam Video /Audio Recording with Cell Phone App  ",5.0 out of 5 stars,45.,2,https://www.amazon.ca/FECOMI-Portable-Activated-Surveillance-Recording/dp/B0B1J3C3TS/ref=sr_1_225?keywords=security+cameras&qid=1654542652&sr=8-225
"JOOAN 3MP Security Camera System wireless【8CH H.265 with Audio】8-Channel NVR&4Pcs FHD 1296P(clearer than 1080P)Surveillance Cameras,Waterproof&Great Night Vision,Motion Human Detection&Email Alarm(1TB Hard Drive pre-installed)  ",https://www.amazon.ca/Security-Wireless-JOOAN-Cameras-Surveillance/dp/B071LNNGQ2/ref=sr_1_226?keywords=security+cameras&qid=1654542652&sr=8-226,4.2 out of 5 stars,400,315.
4.6 out of 5 stars,https://www.amazon.ca/KXMYTA-10000mAh-Security-Recorder-Detection/dp/B09P9JR2P1/ref=sr_1_227?keywords=security+cameras&qid=1654542652&sr=8-227,"Spy Camera Power Bank, KXMYTA 1080P 10000mAh Hidden Camera Mini Nanny Cam Home Security Camera Video Recorder with Gravity Sensor, Motion Detection and Night Vision for Home Security/Outdoor No WiFi.  ",7,72.
79.,132,"Video Doorbell Camera Wireless, Bellcam Outdoor Security Camera with Chime, Rechargeable Battery, Human Motion Detection, Night Vision, 2-Way Audio, Works with Alexa, 1080P, 2.4g, IP65 Waterproof  ",4.1 out of 5 stars,https://www.amazon.ca/Doorbell-Wireless-Rechargeable-Detection-Waterproof/dp/B09NNDR9MZ/ref=sr_1_228?keywords=security+cameras&qid=1654542652&sr=8-228
69.,"Security Camera Wireless Outdoor, 1080P HD Wireless Rechargeable Battery Powered WiFi Home Surveillance Camera with AI PIR, Waterproof, Night Vision, Motion Detection, 2-Way Audio and SD/Cloud Storage  ",https://www.amazon.ca/Wireless-Detection-Rechargeable-Waterproof-Surveillance/dp/B094CYH2YM/ref=sr_1_229?keywords=security+cameras&qid=1654542652&sr=8-229,59,3.8 out of 5 stars
https://www.amazon.ca/Tonton-Expandable-Security-Surveillance-Waterproof/dp/B07TBQHH31/ref=sr_1_230?keywords=security+cameras&qid=1654542652&sr=8-230,"Tonton 8CH Full HD 5MP LITE Expandable Security Camera System, 5-in-1 Surveillance DVR with 1TB Hard Drive and (4) 2.0MP Waterproof Outdoor Indoor Dome Camera, Free APP Remote Viewing and Email Alert with Image  ",4.6 out of 5 stars,13,269.
https://www.amazon.ca/Lorex-8-Channel-Deterrence-Cameras-Capabilities/dp/B08MJ4L7BY/ref=sr_1_231?keywords=security+cameras&qid=1654542652&sr=8-231,51,"Lorex 4K IP Wired NVR Security Camera System, Ultra HD IP Cameras with Smart Deterrence, Motion Detection Video Surveillance, 3TB 8 Channel NVR, 6 Cameras  ",899.,4.3 out of 5 stars
"Hidden Spy Camera Wall Clock, KXMYTA 1080P Wireless Spy Wall Clock Camera Nanny Cam with Motion Detection, Mini Video Recorder Indoor Security Camera for Home and Office No Audio  ",79.,https://www.amazon.ca/KXMYTA-Wireless-Detection-Recorder-Security/dp/B09P4SBZB3/ref=sr_1_232?keywords=security+cameras&qid=1654542652&sr=8-232,5.0 out of 5 stars,2
4.6 out of 5 stars,636,199.,https://www.amazon.ca/eufy-Security-Wireless-Compatibility-Resolution/dp/B089KNW7Z4/ref=sr_1_233?keywords=security+cameras&qid=1654542652&sr=8-233,"eufy Security, eufyCam 2 Pro Wireless Home Security Add-on Camera, Requires HomeBase 2, 365-Day Battery Life, HomeKit Compatibility, 2K Resolution, No Monthly Fee  "
4.0 out of 5 stars,41.,https://www.amazon.ca/2-4GHz-Security-Bedroom-Monitor-Alert%EF%BC%882/dp/B09YRRX9J8/ref=sr_1_234?keywords=security+cameras&qid=1654542652&sr=8-234,1,"2.4GHz Indoor Security Camera for Living Room/Bedroom, 1080P WiFi Camera for pet, Baby Monitor wiht 2-Way Audio/Night Vision/APP Alert（2 pac）  "
135,259.,"Ring Floodlight Cam Wired Plus with motion-activated 1080p HD video, Black (2021 release)  ",4.8 out of 5 stars,https://www.amazon.ca/Ring-Floodlight-Cam-Wired-Plus/dp/B08F6C1DDT/ref=sr_1_235?keywords=security+cameras&qid=1654542652&sr=8-235
"Security Cameras Wireless Outdoor , HOSAFE WiFi Video Surveillance Camera System for Home, Motion Detection, 2 Way Audio, 1080P Night Vision, Waterproof IP Camera, SD Card Slot  ",69.,5.0 out of 5 stars,2,https://www.amazon.ca/Wireless-Security-Waterproof-Surveillance-Detection/dp/B09B6C68KM/ref=sr_1_236?keywords=security+cameras&qid=1654542652&sr=8-236
https://www.amazon.ca/Reolink-Security-Megapixels-2560x1440-RLC-423/dp/B01AL5PPXK/ref=sr_1_237?keywords=security+cameras&qid=1654542652&sr=8-237,4.4 out of 5 stars,339.,46,"Reolink PoE Security Camera PTZ Outdoor 8MP, PoE IP Security Video Surveillance, Pan Tilt 5X Optical Zoom Auto Tracking, 3pcs Spotlights 196 Ft Color Night Vision, Two Way Audio, Up to 256GB SD Card(Not Included) | RLC-823A  "
Nest Cam Outdoor Security Camera 2 Pack  ,https://www.amazon.ca/Nest-Outdoor-Security-Camera-pack/dp/B01M66NWOQ/ref=sr_1_238?keywords=security+cameras&qid=1654542652&sr=8-238,504.,4.5 out of 5 stars,"4,162"
https://www.amazon.ca/Reolink-Wireless-Security-Dual-Band-Detection/dp/B081GXWDVF/ref=sr_1_239?keywords=security+cameras&qid=1654542652&sr=8-239,84.,"Reolink 5MP Wireless Security Camera Indoor PTZ, Pan Tilt 3X Optical Zoom 2.4/5GHz Dual-Band WiFi, Motion Detection CCTV IP Camera for The Baby, Elder, Pet | E1 Zoom  ",245,4.3 out of 5 stars
"VANBAR Solar Security Camera Wireless Outdoor, FHD 1080P Surveillance Cam with Night Vision, Instant Alerts, Motion Detection, Two-Way Audio  ",119.,3.9 out of 5 stars,https://www.amazon.ca/VANBAR-Security-Wireless-Detection-Compatible/dp/B08HJHMXDN/ref=sr_1_240?keywords=security+cameras&qid=1654542652&sr=8-240,115
https://www.amazon.ca/Security-Surveillance-Cameras-Portable-Detection/dp/B08L3FQ1NJ/ref=sr_1_241?keywords=security+cameras&qid=1654542652&sr=8-241,"Mini Security Camera, 1080P HD Small Home Security Surveillance Cameras, Portable Tiny Nanny Cam with Night Vision Motion Detection for Indoor Cars  ",23.,23,2.8 out of 5 stars
https://www.amazon.ca/Camera-Wireless-Surveillance-Cameras-Detection/dp/B09W2DN75T/ref=sr_1_242?keywords=security+cameras&qid=1654542652&sr=8-242,"1080P Light Bulb Camera System, Wireless WiFi Home Surveillance Cameras System, 360 Degree View Lens Light Night Vision Human Motion Detection and Alarm (Camera with 32GB)  ",62.,30,3.8 out of 5 stars
147.,"Solar Security Camera Wireless Outdoor, 1080P Camera Surveillance Exterieur with 365 Days Life, 32G SD Card Included, 360° View PTZ Camera Color Night Vision, 2-Way Audio, Motion Detection  ",5.0 out of 5 stars,2,https://www.amazon.ca/Security-Rechargeable-Included-360%C2%B0View-Detection/dp/B09QX87B1G/ref=sr_1_243?keywords=security+cameras&qid=1654542652&sr=8-243
47.,"JOOAN WiFi Wireless Bullet Camera 1296P with one Way Audio,just Extend for JOOAN WiFi Kit Security Camera System  ",https://www.amazon.ca/JOOAN-Security-Stunning-Outdoor-Surveillance/dp/B00WCTONF0/ref=sr_1_244?keywords=security+cameras&qid=1654542652&sr=8-244,253,4.3 out of 5 stars
14,https://www.amazon.ca/Wireless-Waterproof-Tracking-Security-Surveillance/dp/B09B7L1DG2/ref=sr_1_245?keywords=security+cameras&qid=1654542652&sr=8-245,94.,"Camera Light Bulb, 1080P Wireless WiFi PTZ IP Camera, Outdoor IP66 Waterproof Auto Tracking Color Night Vision Security Surveillance,Camera+128g  ",2.8 out of 5 stars
4.0 out of 5 stars,109.,66,"2K Home Security Camera Wireless, GENBOLT Indoor Outdoor WiFi Camera Battery Powered, 120° de Surveillance Camera Interieur Exterieur Sans Fil, IP Camera Batterie, PIR Detection, IP65 Waterproof (app GENBOLT PRO)  ",https://www.amazon.ca/WireFree-GENBOLT-Rechargeable-Surveillance-Detection/dp/B091DSCDGW/ref=sr_1_246?keywords=security+cameras&qid=1654542652&sr=8-246
https://www.amazon.ca/Security-Anker-Resolution-Wide-Angle-Worry-Free/dp/B07VGRCNHF/ref=sr_1_247?keywords=security+cameras&qid=1654542652&sr=8-247,4.2 out of 5 stars,382,"eufy SECURITY Video Baby Monitor, Video Baby Monitor with Camera and Audio, 720p HD Resolution, Night Vision, 5in Display, 110deg Wide-Angle Lens Included, Lullaby Player, Ideal for New Moms  ",269.
4.4 out of 5 stars,208,65.,https://www.amazon.ca/Lorex-LBV2531U-Analog-Weatherproof-Security/dp/B07SBS5BVJ/ref=sr_1_248?keywords=security+cameras&qid=1654542652&sr=8-248,Lorex 1080p HD Weatherproof Add-On Bullet Indoor/Outdoor Security Camera with 130ft Night Vision  
"Wireless Rechargeable Battery Powered Solar Outdoor Security Camera with IP65 Waterproof, 1080p HD Home Camera, 6700mAh, Night Vision, PIR Motion Detection, 2-Way Audio and SD/Cloud Storage  ",12,79.,https://www.amazon.ca/Wireless-Rechargeable-Security-Waterproof-Detection/dp/B09FDR26M7/ref=sr_1_293?keywords=security+cameras&qid=1654542654&sr=8-293,3.7 out of 5 stars
https://www.amazon.ca/Ctronics-Surveillance-Rechargeable-Detection-S20-White/dp/B097H7C7LT/ref=sr_1_295?keywords=security+cameras&qid=1654542654&sr=8-295,"Ctronics Solar Security Cameras Wireless Outdoor,2.4GHz PTZ Camera Surveillance for Home Security 1080P Color Night Vision with 15000mAh Rechargeable Battery, PIR&Radar Detection, 2-Way Audio (S20-White)  ",149.,4.1 out of 5 stars,104
https://www.amazon.ca/Camera-Wireless-Security-Outdoor-Applications/dp/B09Z2N71SV/ref=sr_1_297?keywords=security+cameras&qid=1654542654&sr=8-297,16.,399,"Mini Camera WiFi Wireless Camera Nanny Cam, 1080p HD Camera Home Security Camera,Night Vision Indoor/Outdoor Small Camera Dog Pet Camera for Mobile Phone Applications in Real Time  ",4.5 out of 5 stars
5.0 out of 5 stars,239.,https://www.amazon.ca/Wireless-Security-Outdoor-Cameras-Waterproof/dp/B098WF2NVB/ref=sr_1_298?keywords=security+cameras&qid=1654542654&sr=8-298,2,"Wireless Security Camera System,1080P Security Camer Outdoor for Home IP Bullet Camera 8CH NVR System with 4pcs Cameras, IP66 Waterproof (No Hard Drive)  "
49.,https://www.amazon.ca/OVEHEL-Detector-Portable-Secutity-Surveillance/dp/B007KJK9LY/ref=sr_1_299?keywords=security+cameras&qid=1654542654&sr=8-299,171,OVEHEL Full HD 1080p Mini Spy Hidden Camera with PIR Motion Detector and Night Vision Small Nanny Cams Body Cam Portable Indoor Secutity Home Security Surveillance Camera 60 Days Standby-(No WiFi)  ,3.8 out of 5 stars
4.2 out of 5 stars,179.,"1,416","Reolink 5MP Security Camera Outdoor with Spotlights, 5X Optical Zoom, Color Night Vision, Person/Vehicle Detection, 2.4/5 GHz WiFi Home Security Camera System, Supports Smart Playback, RLC-511WA  ",https://www.amazon.ca/Wireless-Security-Autofocus-Waterproof-RLC-511W/dp/B07FDZ2D1X/ref=sr_1_300?keywords=security+cameras&qid=1654542654&sr=8-300
2.0 out of 5 stars,https://www.amazon.ca/LongPlus-Security-Camera-Outdoor-Cameras/dp/B09QKVM5V6/ref=sr_1_301?keywords=security+cameras&qid=1654542654&sr=8-301,"LongPlus 8CH 4K Home Security Camera System, 4pcs Wired 4K Outdoor PoE IP Cameras, 8CH NVR with 2TB HDD (4K IP Cameras x4)  ",1,299.
98.,https://www.amazon.ca/EZVIZ-Coverage-Waterproof-AI-Powered-Detection/dp/B09436KD6S/ref=sr_1_302?keywords=security+cameras&qid=1654542654&sr=8-302,4.2 out of 5 stars,260,"EZVIZ Outdoor Camera Pan/Tilt/Zoom, 360° Visual Coverage, 1080P WiFi Security Cam, IP65 Waterproof, Color Night Vision, AI-Powered Person Detection, Support MicroSD Card up to 256GB | C8C  "
"Lorex 1080p Wi-Fi Dual Floodlight Camera, Fully weatherproof, 137° Diagonal Field of View, IR Night vision, 32GB microSD card Included, Smart Home Compatibility  ",224.,212,4.1 out of 5 stars,https://www.amazon.ca/Lorex-Floodlight-weatherproof-Included-Compatibility/dp/B089C6N13Z/ref=sr_1_303?keywords=security+cameras&qid=1654542654&sr=8-303
46.,"Mini Spy Camera WiFi Wireless Hidden Camera with Video 1080P Small Portable Nanny Cam with Phone App, Motion Detection, Night Vision for Indoor Outdoor Small Camera…  ",16,3.6 out of 5 stars,https://www.amazon.ca/Camera-Wireless-Portable-Detection-Outdoor/dp/B09KWYZDRQ/ref=sr_1_304?keywords=security+cameras&qid=1654542654&sr=8-304
4.4 out of 5 stars,23.,"Camera Wall Bracket,Richer-R 360 Degree Rotatable Security Camera Indoor Outdoor Wall Metal Bracket Mount,Security Wall Mounting for Hikvision,White  ",3,https://www.amazon.ca/Richer-R-Bracket-Rotatable-Security-Outdoor/dp/B07FZ1GC1M/ref=sr_1_305?keywords=security+cameras&qid=1654542654&sr=8-305
https://www.amazon.ca/OSI-Security-Detection-Compatible-Included/dp/B09DMZ72JL/ref=sr_1_306?keywords=security+cameras&qid=1654542654&sr=8-306,89.,4,4.1 out of 5 stars,"OSI Smart Security Bullet Camera Outdoor 1080P HD,WiFi Cameras,Home Security Cameras with AI Human Detection,Two-Way Audio,Night Vision,Compatible with Alexa, Google, 32GB SD Card Included & Cloud Storage  "
530,https://www.amazon.ca/WYZE-Monitor-Detection-Security-Monitoring/dp/B09J8KCY51/ref=sr_1_308?keywords=security+cameras&qid=1654542654&sr=8-308,4.6 out of 5 stars,"WYZE Cam v3 Baby Monitor with Camera and Audio Color Night Vision Motion and Sound Detection 1080p Indoor/Outdoor Security Camera for Pet Nanny Elderly Monitoring, Works with Alexa & Google Home IFTTT  ",46.
"Solar Security Camera Outdoor,Wireless WiFi Pan Tilt Spotlight Solar Battery Powered Motion Detection Camera with Color Night Vision,2.4G WiFi,Two Way Audio,Waterproof IP Camera INQMEGAPRO  ",4.0 out of 5 stars,https://www.amazon.ca/Security-Spotlight-Detection-Waterproof-INQMEGAPRO/dp/B09TKGWL5D/ref=sr_1_313?keywords=security+cameras&qid=1654542654&sr=8-313,17,149.
https://www.amazon.ca/Security-Wireless-Surveillance-Detection-Waterproof/dp/B09BZXQZBW/ref=sr_1_314?keywords=security+cameras&qid=1654542654&sr=8-314,69.,5.0 out of 5 stars,3,"Outdoor Security Camera Wireless WiFi, HOSAFE Video Surveillance Camera System for Home, Motion Detection, 2 Way Audio, 1080P Night Vision, Waterproof IP Camera, SD Card Slot  "
